param, val,prob
A,0.09920758997804568,0.10000000000000002
B,0.5879752628328921,0.10000000000000002
A,0.09920758997804568,0.10000000000000002
B,0.5863467649615324,0.10000000000000002
A,0.14008970725310854,0.10000000000000002
B,0.5863467649615324,0.10000000000000002
A,0.28327248483598577,0.10000000000000002
B,0.5863467649615324,0.10000000000000002
A,0.17192801981210293,0.10000000000000002
B,0.5863467649615324,0.10000000000000002
A,0.4126761410560691,0.10000000000000002
B,0.5863467649615324,0.10000000000000002
A,0.4126761410560691,0.10000000000000002
B,0.8631036453057028,0.10000000000000002
A,0.10088597796808385,0.10000000000000002
B,0.8631036453057028,0.10000000000000002
A,0.0734840447605597,0.10000000000000002
B,0.8631036453057028,0.10000000000000002
A,0.32995095712170663,0.10000000000000002
B,0.8631036453057028,0.10000000000000002
